Ferramenta,tempoDeExecucao,totalBytes
REST,45.828348875045776,541139
REST,45.96373224258423,541139
REST,43.70671033859253,541139
REST,43.10432410240173,541139
REST,43.69930577278137,541139
