Ferramenta,tempoDeExecucao,totalBytes
REST,3.6884806156158447,549361
REST,3.1060893535614014,549361
REST,3.308062791824341,549361
REST,3.75856614112854,549361
REST,4.121120929718018,549361
